,term,neutral_alternative
0,ackman,
1,acreman,
2,adman,
3,Ahriman,
4,aircraftman,
5,aircraftsman,
6,aircraftswoman,
7,aircraftwoman,
8,aircrewman,
9,airman,
10,airmanship,
11,airwayman,
12,airwoman,
13,alderman,
14,aldermanate,
15,aldermaness,
16,aldermanity,
17,aldermanlike,
18,aldermanly,
19,aldermanry,
20,aldermanship,
21,alderwoman,
22,almsman,
23,almswoman,
24,alongshoreman,
25,amman,
26,amtman,
27,applewoman,
28,aquaemanale,
29,archvestryman,
30,artilleryman,
31,ashman,
32,assemblyman,
33,assman,
34,assmanship,
35,ataman,
36,atman,
37,axman,
38,axmanship,
39,backswordman,
40,backswordsman,
41,backwoodsman,
42,badgeman,
43,baggageman,
44,bagman,
45,bailsman,
46,balanceman,
47,bandman,
48,bandsman,
49,bandyman,
50,bankman,
51,banksman,
52,bannerman,
53,bargeman,
54,barman,
55,barnman,
56,barrowman,
57,baseman,
58,basketwoman,
59,bateman,
60,bathman,
61,batman,
62,batsman,
63,batsmanship,
64,batterman,
65,batteryman,
66,bayman,
67,beachman,
68,beadman,
69,beadsman,
70,beadswoman,
71,beakerman,
72,beamman,
73,beamsman,
74,beastman,
75,beaterman,
76,bedesman,
77,bedewoman,
78,bedman,
79,beeman,
80,beggarman,
81,beggarwoman,
82,bellman,
83,bellmanship,
84,bellowsman,
85,bellyman,
86,beltman,
87,beman,
88,bemangle,
89,benchman,
90,bibliomanist,
91,billman,
92,binman,
93,birchman,
94,birdman,
95,birdwoman,
96,birlieman,
97,bleacherman,
98,bleachman,
99,blockman,
100,blubberman,
101,boardman,
102,boatman,
103,boatmanship,
104,boatsman,
105,boatwoman,
106,bogeyman,
107,bogieman,
108,bogman,
109,boilerman,
110,boloman,
111,bonderman,
112,bondman,
113,bondmanship,
114,bondsman,
115,bondswoman,
116,bondwoman,
117,bonnetman,
118,Bookman,
119,bookman,
120,bosjesman,
121,bottleman,
122,bowerwoman,
123,bowman,
124,bowwoman,
125,boxman,
126,braeman,
127,brakeman,
128,brakesman,
129,branchman,
130,brandyman,
131,breadman,
132,breakerman,
133,bridesman,
134,bridgeman,
135,bridleman,
136,brineman,
137,browman,
138,brushman,
139,bucketman,
140,buddleman,
141,buggyman,
142,bullockman,
143,bumboatman,
144,bumboatwoman,
145,bunkerman,
146,burthenman,
147,bushelman,
148,bushelwoman,
149,Bushman,
150,bushmanship,
151,bushwoman,
152,businessman,
153,businesswoman,
154,busman,
155,butterman,
156,butterwoman,
157,buttwoman,
158,buttyman,
159,byeman,
160,byeworkman,
161,bylawman,
162,byreman,
163,byrewoman,
164,byrlawman,
165,cableman,
166,cabman,
167,cageman,
168,callowman,
169,camelman,
170,cameraman,
171,canalman,
172,canman,
173,canoeman,
174,canvasman,
175,capman,
176,carman,
177,cartman,
178,cattimandoo,
179,cattleman,
180,cattyman,
181,causewayman,
182,cavalryman,
183,cellarman,
184,cellarwoman,
185,chaffman,
186,chainman,
187,chairman,
188,chairmanship,
189,chairwoman,
190,chamberwoman,
191,chanteyman,
192,chapelman,
193,chapman,
194,chapmanship,
195,chapwoman,
196,chargeman,
197,chariotman,
198,charwoman,
199,checkman,
200,chessman,
201,chimneyman,
202,Chinaman,
203,chinawoman,
204,chockman,
205,choirman,
206,chokerman,
207,churchman,
208,churchmanly,
209,churchmanship,
210,churchwoman,
211,cinderman,
212,circuitman,
213,clansman,
214,clansmanship,
215,clanswoman,
216,classman,
217,classmanship,
218,clayman,
219,clergyman,
220,clergywoman,
221,cliffsman,
222,clipperman,
223,clothesman,
224,clubman,
225,clubwoman,
226,clutchman,
227,coachman,
228,coachmanship,
229,coachwoman,
230,coastguardman,
231,coastman,
232,cobleman,
233,cochairman,
234,codman,
235,cogman,
236,cokeman,
237,collarman,
238,colorman,
239,commandoman,
240,commandress,
241,committeeman,
242,committeewoman,
243,congressman,
244,congresswoman,
245,coolerman,
246,copeman,
247,copesman,
248,coppersidesman,
249,copyman,
250,Cornishman,
251,corpsman,
252,cotman,
253,councilman,
254,councilwoman,
255,counterman,
256,countryman,
257,countrywoman,
258,courtman,
259,cowman,
260,crabman,
261,crackmans,
262,cracksman,
263,cradleman,
264,craftsman,
265,craftsmanship,
266,craftswoman,
267,cragsman,
268,craneman,
269,cranesman,
270,crankman,
271,crateman,
272,creameryman,
273,creedsman,
274,crewman,
275,cropman,
276,crossbowman,
277,cueman,
278,cuemanship,
279,cupman,
280,cupolaman,
281,cutterman,
282,dairyman,
283,dairywoman,
284,daleman,
285,dalesman,
286,daleswoman,
287,daman,
288,dargsman,
289,darkmans,
290,dartman,
291,dartsman,
292,dayman,
293,daysman,
294,deadman,
295,deathsman,
296,decoyman,
297,decuman,
298,deepwaterman,
299,deliveryman,
300,demesman,
301,demigentleman,
302,demiman,
303,derrickman,
304,desman,
305,devilman,
306,deywoman,
307,diceman,
308,dillyman,
309,dirgeman,
310,disman,
311,dockman,
312,dockyardman,
313,dodman,
314,dogman,
315,dolesman,
316,dollyman,
317,dolman,
318,donkeyman,
319,doomsman,
320,doorman,
321,dossman,
322,doughman,
323,downsman,
324,draegerman,
325,draffman,
326,draftman,
327,draftmanship,
328,draftsman,
329,draftsmanship,
330,draftswoman,
331,draftswomanship,
332,draftwoman,
333,dragman,
334,dragoman,
335,dragsman,
336,drainerman,
337,drainman,
338,draughtman,
339,draughtmanship,
340,draughtsman,
341,draughtsmanship,
342,draughtswoman,
343,draughtswomanship,
344,drayman,
345,drierman,
346,driftman,
347,drillman,
348,drogherman,
349,droitsman,
350,dropman,
351,drugman,
352,drygoodsman,
353,dudman,
354,dulseman,
355,dusterman,
356,dustman,
357,dustwoman,
358,Dutchman,
359,edgeman,
360,edgerman,
361,effetman,
362,eightsman,
363,elderman,
364,elderwoman,
365,emancipate,
366,emancipation,
367,emancipationist,
368,emancipatist,
369,emancipative,
370,emancipator,
371,emancipatory,
372,emancipatress,
373,emancipist,
374,embossman,
375,engineman,
376,Englishman,
377,Englishwoman,
378,entryman,
379,enwoman,
380,estatesman,
381,Everyman,
382,everyman,
383,excessman,
384,exciseman,
385,excisemanship,
386,expressman,
387,faceman,
388,fanman,
389,faultsman,
390,featherman,
391,feedman,
392,feedsman,
393,fellsman,
394,fenman,
395,ferryman,
396,fieldman,
397,fieldsman,
398,filterman,
399,fireman,
400,firemanship,
401,firman,
402,firmance,
403,fisherman,
404,fisherwoman,
405,fishman,
406,fishwoman,
407,flagman,
408,flamant,
409,flatman,
410,flaxman,
411,flaxwoman,
412,floatman,
413,floatsman,
414,flockman,
415,floorman,
416,flueman,
417,flugelman,
418,flusherman,
419,flyman,
420,foeman,
421,foemanship,
422,fogman,
423,foilsman,
424,footman,
425,footmanhood,
426,footmanry,
427,footmanship,
428,forecastleman,
429,foreman,
430,foremanship,
431,foremastman,
432,foretopman,
433,forewoman,
434,forgeman,
435,forkman,
436,foundryman,
437,freedman,
438,freedwoman,
439,freeman,
440,freemanship,
441,freewoman,
442,Frenchman,
443,Frenchwoman,
444,freshman,
445,freshmanhood,
446,freshmanic,
447,freshmanship,
448,freshwoman,
449,frogman,
450,frontierman,
451,frontiersman,
452,frontsman,
453,fruitwoman,
454,fugleman,
455,fuglemanship,
456,funnyman,
457,furnaceman,
458,gabelleman,
459,gadman,
460,gadsman,
461,gaffsman,
462,gagman,
463,galleyman,
464,gangman,
465,gangsman,
466,gangwayman,
467,gantryman,
468,garageman,
469,garthman,
470,gasman,
471,gateman,
472,gatewayman,
473,gatewoman,
474,gaudsman,
475,gavelman,
476,gearman,
477,gentleman,
478,gentlemanhood,
479,gentlemanism,
480,gentlemanize,
481,gentlemanlike,
482,gentlemanlikeness,
483,gentlemanliness,
484,gentlemanly,
485,gentlemanship,
486,gentlewoman,
487,gentlewomanhood,
488,gentlewomanish,
489,gentlewomanlike,
490,gentlewomanliness,
491,gentlewomanly,
492,gentman,
493,gesithcundman,
494,gigman,
495,gigmaness,
496,gigmanhood,
497,gigsman,
498,glassman,
499,gleeman,
500,gleewoman,
501,goadsman,
502,gongman,
503,goodman,
504,goodmanship,
505,gownsman,
506,grainman,
507,grainsman,
508,grassman,
509,grateman,
510,graveman,
511,grinderman,
512,gripman,
513,grithman,
514,grizzlyman,
515,groceryman,
516,groomsman,
517,groundman,
518,groundsman,
519,guardsman,
520,guidman,
521,guildsman,
522,gulaman,
523,gunman,
524,gunmanship,
525,gunsman,
526,gutterman,
527,hackman,
528,hackneyman,
529,halberdman,
530,halberdsman,
531,halfman,
532,hallman,
533,hammerman,
534,hamperman,
535,handcraftman,
536,handcraftsman,
537,handicraftsman,
538,handicraftsmanship,
539,handicraftswoman,
540,handworkman,
541,hangman,
542,hangmanship,
543,hangwoman,
544,hardwareman,
545,harman,
546,harvestman,
547,hatcheryman,
548,hatchetman,
549,hatchman,
550,hatchwayman,
551,hawseman,
552,headman,
553,headsman,
554,hearthman,
555,heaterman,
556,heatsman,
557,helmsman,
558,helmsmanship,
559,henchman,
560,henchmanship,
561,herbman,
562,herbwoman,
563,herdsman,
564,herdswoman,
565,hetman,
566,hetmanship,
567,hielaman,
568,Highlandman,
569,highman,
570,highwayman,
571,hillman,
572,hillsalesman,
573,hillsman,
574,hillwoman,
575,Himantopus,
576,hireman,
577,hoastman,
578,hodman,
579,hodmandod,
580,hoistman,
581,holdsman,
582,holeman,
583,honorsman,
584,hoodman,
585,hookerman,
586,hookman,
587,hoopman,
588,hopperman,
589,hornsman,
590,horseman,
591,horsemanship,
592,horsewoman,
593,horsewomanship,
594,hoseman,
595,houndman,
596,houseman,
597,hoyman,
598,hundredman,
599,huntsman,
600,huntsmanship,
601,huntswoman,
602,hurdleman,
603,husbandman,
604,iceman,
605,idleman,
606,Indiaman,
607,infantryman,
608,infieldsman,
609,ingotman,
610,Inkerman,
611,instrumentman,
612,Irishman,
613,Irishwoman,
614,ironman,
615,islandman,
616,islesman,
617,jackman,
618,jajman,
619,jarkman,
620,jiggerman,
621,jigman,
622,jobman,
623,jolleyman,
624,journeyman,
625,journeywoman,
626,junkman,
627,juryman,
628,jurywoman,
629,keelboatman,
630,keelman,
631,kemperyman,
632,kennelman,
633,Kentishman,
634,kesslerman,
635,kibblerman,
636,kidsman,
637,kilnman,
638,kingsman,
639,kinsman,
640,kinsmanly,
641,kinsmanship,
642,kinswoman,
643,kirkman,
644,Kirman,
645,kitchenman,
646,Klansman,
647,Klanswoman,
648,klootchman,
649,knifeman,
650,kooliman,
651,laceman,
652,lacewoman,
653,lademan,
654,lairman,
655,lakemanship,
656,lampman,
657,lanceman,
658,landamman,
659,landman,
660,landsman,
661,lanternman,
662,larriman,
663,latchman,
664,latheman,
665,lathesman,
666,laundryman,
667,laundrywoman,
668,lawman,
669,lawrightman,
670,layman,
671,laymanship,
672,laywoman,
673,leachman,
674,leadman,
675,leadsman,
676,leatman,
677,leetman,
678,legman,
679,lehrman,
680,leman,
681,lengthsman,
682,levelman,
683,leverman,
684,liegeman,
685,lifeboatman,
686,liftman,
687,lighterman,
688,lighthouseman,
689,lightman,
690,lightmanship,
691,lightsman,
692,liman,
693,limeman,
694,lineman,
695,linenman,
696,linesman,
697,lingtowman,
698,linkman,
699,lithsman,
700,liveryman,
701,lobbyman,
702,lockerman,
703,lockman,
704,locksman,
705,locomotiveman,
706,lodesman,
707,lodgeman,
708,loftman,
709,loftsman,
710,logman,
711,longshoreman,
712,lootsman,
713,loveman,
714,lowerclassman,
715,lumberman,
716,lumpman,
717,lyreman,
718,maceman,
719,machineman,
720,madman,
721,madwoman,
722,magsman,
723,mailman,
724,maltman,
725,man,
726,manbot,
727,manful,
728,manfully,
729,manfulness,
730,mangleman,
731,manhead,
732,manhole,
733,manhood,
734,manify,
735,manikin,
736,manikinism,
737,mankeeper,
738,mankind,
739,manless,
740,manlessly,
741,manlessness,
742,manlihood,
743,manlike,
744,manlikely,
745,manlikeness,
746,manlily,
747,manliness,
748,manling,
749,manly,
750,mannequin,
751,manning,
752,mannishly,
753,mannishness,
754,manship,
755,manslaughter,
756,manslaughterer,
757,manslaughtering,
758,manslaughterous,
759,manslayer,
760,manslaying,
761,manstealer,
762,manstealing,
763,manstopper,
764,manstopping,
765,manwards,
766,manway,
767,manweed,
768,manwise,
769,marchman,
770,marketman,
771,markman,
772,marksman,
773,marksmanly,
774,marksmanship,
775,markswoman,
776,marshalman,
777,marshman,
778,mashman,
779,masterman,
780,mastman,
781,materialman,
782,meadsman,
783,mealman,
784,meatman,
785,mellsman,
786,merchantman,
787,meresman,
788,merman,
789,merryman,
790,merwoman,
791,messman,
792,meterman,
793,middleman,
794,middlemanism,
795,middlemanship,
796,middlewoman,
797,midshipman,
798,midshipmanship,
799,militiaman,
800,milkman,
801,millman,
802,mintman,
803,minuteman,
804,mobsman,
805,molman,
806,moonman,
807,Moorman,
808,moorman,
809,moorsman,
810,mootman,
811,motorboatman,
812,motorman,
813,moudieman,
814,muckman,
815,muffleman,
816,muleman,
817,nagman,
818,nagsman,
819,needleman,
820,needlewoman,
821,nepman,
822,netman,
823,netsman,
824,newsman,
825,newspaperman,
826,newspaperwoman,
827,nightman,
828,nobleman,
829,noblemanly,
830,noblewoman,
831,nonfisherman,
832,nonfreeman,
833,nongildsman,
834,nontribesman,
835,nurseryman,
836,oarman,
837,oarsman,
838,oarsmanship,
839,oarswoman,
840,odalman,
841,odalwoman,
842,oddman,
843,oddsman,
844,oilman,
845,oliverman,
846,ombudsman,
847,ombudsmanship,
848,omnibusman,
849,oncostman,
850,Orangeman,
851,orangeman,
852,orangewoman,
853,orchardman,
854,oreman,
855,Ottoman,
856,outdoorsman,
857,outfieldsman,
858,outfreeman,
859,outman,
860,outwoman,
861,ovenman,
862,overheadman,
863,overman,
864,oversman,
865,overwoman,
866,overwomanly,
867,oxman,
868,oxmanship,
869,oysterman,
870,oysterwoman,
871,packman,
872,packmanship,
873,Paleman,
874,Palesman,
875,panman,
876,pannierman,
877,pansideman,
878,pantryman,
879,pantrywoman,
880,passman,
881,passwoman,
882,pastryman,
883,patrolman,
884,peaceman,
885,peatman,
886,peelman,
887,pegman,
888,penman,
889,penmanship,
890,penwoman,
891,penwomanship,
892,perryman,
893,peteman,
894,peterman,
895,phraseman,
896,pickleman,
897,pickman,
898,picksman,
899,pieman,
900,piewoman,
901,pigeonman,
902,pigman,
903,pikeman,
904,pilotman,
905,pipeman,
906,pitcherman,
907,pitchman,
908,pitman,
909,placeman,
910,placemanship,
911,placewoman,
912,plaidman,
913,plainsman,
914,plainswoman,
915,plantsman,
916,plateman,
917,playcraftsman,
918,playman,
919,playwoman,
920,pleaseman,
921,pleasureman,
922,ploughmanship,
923,plowman,
924,plowmanship,
925,plowwoman,
926,plugman,
927,pointman,
928,pointsman,
929,pointswoman,
930,polderman,
931,poleman,
932,polesman,
933,policeman,
934,policemanish,
935,policemanism,
936,policemanlike,
937,policemanship,
938,policewoman,
939,polisman,
940,pondman,
941,porkman,
942,portman,
943,portmanmote,
944,portsman,
945,posseman,
946,postman,
947,postwoman,
948,potman,
949,poultryman,
950,poundman,
951,powderman,
952,preachman,
953,prefreshman,
954,premanhood,
955,premankind,
956,pressman,
957,pressmanship,
958,presswoman,
959,preterhuman,
960,prigman,
961,privateersman,
962,prizeman,
963,proseman,
964,puerman,
965,pugman,
966,Pullman,
967,pumpman,
968,pumpsman,
969,puntsman,
970,puppetman,
971,purlieuman,
972,purlman,
973,puzzleman,
974,quarryman,
975,quarterman,
976,quayman,
977,queriman,
978,questman,
979,radarman,
980,raddleman,
981,radioman,
982,radman,
983,raftman,
984,raftsman,
985,ragman,
986,railman,
987,raiseman,
988,rammerman,
989,rampsman,
990,ranchman,
991,ranchwoman,
992,rangeman,
993,ranksman,
994,ranselman,
995,razorman,
996,reddleman,
997,reddsman,
998,redesman,
999,reedman,
1000,relayman,
1001,repairman,
1002,Ribbonman,
1003,ridingman,
1004,rifleman,
1005,riflemanship,
1006,ringman,
1007,ripperman,
1008,riverman,
1009,roadman,
1010,roadsman,
1011,rockman,
1012,rodman,
1013,rodsman,
1014,rollerman,
1015,rolleywayman,
1016,roofman,
1017,ropeman,
1018,rotaman,
1019,roundsman,
1020,ruddleman,
1021,runman,
1022,sackman,
1023,sagaman,
1024,sailorman,
1025,sailsman,
1026,salesman,
1027,salesmanship,
1028,saleswoman,
1029,sallyman,
1030,saltman,
1031,sampleman,
1032,sandman,
1033,sawman,
1034,scaleman,
1035,scalesman,
1036,scampsman,
1037,scarman,
1038,sceneman,
1039,schoolman,
1040,Scotchman,
1041,scotchman,
1042,Scotchwoman,
1043,Scotsman,
1044,Scotswoman,
1045,Scottishman,
1046,scowman,
1047,scrapman,
1048,scratchman,
1049,screeman,
1050,screenman,
1051,screensman,
1052,screwman,
1053,screwsman,
1054,scruffman,
1055,scuttleman,
1056,scytheman,
1057,seaman,
1058,seamancraft,
1059,seamanlike,
1060,seamanly,
1061,seamanship,
1062,seatsman,
1063,seawoman,
1064,seedman,
1065,seedsman,
1066,selectman,
1067,semimadman,
1068,serviceman,
1069,servingman,
1070,setsman,
1071,settsman,
1072,sewerman,
1073,shaftman,
1074,shaftsman,
1075,shaleman,
1076,shanksman,
1077,shantyman,
1078,shareman,
1079,sharesman,
1080,shearman,
1081,shearsman,
1082,sheaveman,
1083,shedman,
1084,sheepman,
1085,shellman,
1086,shipman,
1087,shipmanship,
1088,shireman,
1089,shirtman,
1090,shoeman,
1091,shoewoman,
1092,shootman,
1093,shopman,
1094,shopwoman,
1095,shoreman,
1096,shoresman,
1097,shotman,
1098,shotsman,
1099,shovelman,
1100,showman,
1101,showmanism,
1102,showmanry,
1103,showmanship,
1104,sickleman,
1105,sidesman,
1106,signalman,
1107,signman,
1108,silkman,
1109,silksman,
1110,silkwoman,
1111,sizeman,
1112,skipman,
1113,skyman,
1114,slabman,
1115,slagman,
1116,slaughterman,
1117,slideman,
1118,slimeman,
1119,slingsman,
1120,slipman,
1121,sloopman,
1122,smacksman,
1123,smelterman,
1124,smeltman,
1125,snackman,
1126,sneaksman,
1127,snowmanship,
1128,snuffman,
1129,soakman,
1130,socman,
1131,sokeman,
1132,songman,
1133,spademan,
1134,spadesman,
1135,spaewoman,
1136,spannerman,
1137,spearman,
1138,spearmanship,
1139,spearsman,
1140,speedboatman,
1141,spelterman,
1142,spoilsman,
1143,spokesman,
1144,spokesmanship,
1145,spokeswoman,
1146,spokeswomanship,
1147,sportsman,
1148,sportsmanlike,
1149,sportsmanliness,
1150,sportsmanly,
1151,sportsmanship,
1152,sportswoman,
1153,sportswomanly,
1154,sportswomanship,
1155,spotsman,
1156,spoutman,
1157,squareman,
1158,squeezeman,
1159,stableman,
1160,stackman,
1161,staffman,
1162,stageman,
1163,staithman,
1164,stallman,
1165,stampman,
1166,stampsman,
1167,starchman,
1168,statesman,
1169,statesmanese,
1170,statesmanlike,
1171,statesmanly,
1172,statesmanship,
1173,stateswoman,
1174,stationman,
1175,steadman,
1176,steamboatman,
1177,Stedman,
1178,steerman,
1179,steermanship,
1180,steersman,
1181,steerswoman,
1182,sternman,
1183,sternomancy,
1184,stichomancy,
1185,sticksmanship,
1186,stigonomancy,
1187,stileman,
1188,stillman,
1189,stockman,
1190,stoneman,
1191,storehouseman,
1192,storeman,
1193,storesman,
1194,stoveman,
1195,stowbordman,
1196,strainerman,
1197,straitsman,
1198,strawman,
1199,stretcherman,
1200,stretman,
1201,stringman,
1202,stringsman,
1203,strokesman,
1204,stuffgownsman,
1205,subchairman,
1206,subferryman,
1207,subforeman,
1208,subfreshman,
1209,subhuman,
1210,subman,
1211,subtacksman,
1212,subterhuman,
1213,subworkman,
1214,sudsman,
1215,sumpman,
1216,sundriesman,
1217,sundryman,
1218,superman,
1219,supermanhood,
1220,supermanism,
1221,supermanliness,
1222,supermanly,
1223,supermannish,
1224,supersalesman,
1225,superseaman,
1226,superstatesman,
1227,superwoman,
1228,surfaceman,
1229,surfboatman,
1230,surfman,
1231,surfmanship,
1232,Sussexman,
1233,swagman,
1234,swagsman,
1235,swellmobsman,
1236,switchman,
1237,swordfisherman,
1238,swordman,
1239,swordmanship,
1240,swordsman,
1241,swordsmanship,
1242,swordswoman,
1243,synodsman,
1244,sysselman,
1245,tableman,
1246,tackleman,
1247,tacksman,
1248,tailorman,
1249,tailsman,
1250,talesman,
1251,talisman,
1252,talismanic,
1253,tallowman,
1254,tallyman,
1255,tallymanship,
1256,tallywoman,
1257,tankman,
1258,tapeman,
1259,targeman,
1260,targetman,
1261,tarman,
1262,tartwoman,
1263,tatsman,
1264,taximan,
1265,taxman,
1266,teaman,
1267,teamman,
1268,teamsman,
1269,teatman,
1270,telpherman,
1271,teman,
1272,textman,
1273,theowman,
1274,thimbleman,
1275,thingman,
1276,thirdsman,
1277,thongman,
1278,thrasherman,
1279,thresherman,
1280,thwartman,
1281,tidesman,
1282,tiersman,
1283,tillerman,
1284,timberman,
1285,tineman,
1286,tinklerman,
1287,tinman,
1288,tinsman,
1289,tinwoman,
1290,tipman,
1291,tippleman,
1292,tireman,
1293,tirewoman,
1294,tithingman,
1295,titman,
1296,tobaccoman,
1297,tobyman,
1298,toddyman,
1299,toffeeman,
1300,toffyman,
1301,toftman,
1302,tollman,
1303,toman,
1304,tongman,
1305,tongsman,
1306,tongueman,
1307,tonguemanship,
1308,tonguesman,
1309,toolman,
1310,topman,
1311,topsman,
1312,torchman,
1313,totyman,
1314,towerman,
1315,townman,
1316,townsman,
1317,townswoman,
1318,toyman,
1319,toywoman,
1320,trackman,
1321,trackmanship,
1322,tradesman,
1323,tradesmanlike,
1324,tradesmanship,
1325,tradesmanwise,
1326,tradeswoman,
1327,trailman,
1328,trailsman,
1329,trainman,
1330,tramman,
1331,tramwayman,
1332,transitman,
1333,trawlerman,
1334,treeman,
1335,trencherman,
1336,trencherwoman,
1337,trewsman,
1338,tribesman,
1339,tribesmanship,
1340,tribeswoman,
1341,trinkerman,
1342,tripeman,
1343,tripewoman,
1344,trolleyman,
1345,trollman,
1346,trowelman,
1347,trowman,
1348,truckman,
1349,trunchman,
1350,trustman,
1351,trustwoman,
1352,truthsman,
1353,tubeman,
1354,tubman,
1355,tubwoman,
1356,tucuman,
1357,tugboatman,
1358,tugman,
1359,tunnelman,
1360,tupman,
1361,turfman,
1362,tutman,
1363,tuttiman,
1364,tutworkman,
1365,udalman,
1366,underalderman,
1367,underclassman,
1368,undercoachman,
1369,underfootman,
1370,undergentleman,
1371,underhangman,
1372,underlineman,
1373,underman,
1374,undermanned,
1375,undermanning,
1376,undermarshalman,
1377,underorseman,
1378,underseaman,
1379,underseedman,
1380,undersignalman,
1381,underworkman,
1382,unemancipated,
1383,unfreeman,
1384,ungentleman,
1385,ungentlemanize,
1386,ungentlemanlike,
1387,ungentlemanlikeness,
1388,ungentlemanliness,
1389,ungentlemanly,
1390,ungentlewomanlike,
1391,unman,
1392,unmancipated,
1393,unmanful,
1394,unmanfully,
1395,unmanlike,
1396,unmanlily,
1397,unmanliness,
1398,unmanly,
1399,unmanned,
1400,unmanner,
1401,unsalesmanlike,
1402,unseamanlike,
1403,unseamanship,
1404,unshowmanlike,
1405,unsportsmanlike,
1406,unsportsmanly,
1407,unstatesmanlike,
1408,untradesmanlike,
1409,unwoman,
1410,unwomanish,
1411,unwomanize,
1412,unwomanized,
1413,unwomanlike,
1414,unwomanliness,
1415,unwomanly,
1416,unworkmanlike,
1417,unworkmanly,
1418,unyachtsmanlike,
1419,urman,
1420,valveman,
1421,vanman,
1422,vannerman,
1423,vatman,
1424,veldman,
1425,velociman,
1426,venireman,
1427,verseman,
1428,versemanship,
1429,vestryman,
1430,vestrymanly,
1431,vestrymanship,
1432,viseman,
1433,waferwoman,
1434,wagesman,
1435,wagonman,
1436,wagonwayman,
1437,wainman,
1438,walksman,
1439,wallman,
1440,wandsman,
1441,wardman,
1442,wardsman,
1443,wardswoman,
1444,wardwoman,
1445,warehouseman,
1446,wareman,
1447,warman,
1448,washerman,
1449,washerwoman,
1450,washeryman,
1451,washman,
1452,washwoman,
1453,wasteman,
1454,watchman,
1455,watchmanly,
1456,watchmanship,
1457,watchwoman,
1458,wateringman,
1459,waterman,
1460,watermanship,
1461,waterwoman,
1462,wattman,
1463,waxman,
1464,wayman,
1465,wealdsman,
1466,weatherman,
1467,weighbridgeman,
1468,weighman,
1469,weirdwoman,
1470,wellman,
1471,Welshman,
1472,Welshwoman,
1473,Wessexman,
1474,whaleman,
1475,wharfman,
1476,wheelman,
1477,wheelsman,
1478,wherryman,
1479,whipman,
1480,whipmanship,
1481,whizzerman,
1482,widowman,
1483,winchman,
1484,windowman,
1485,wingman,
1486,wingmanship,
1487,winkelman,
1488,winzeman,
1489,wireman,
1490,wiseman,
1491,wisewoman,
1492,witchman,
1493,witchwoman,
1494,woadman,
1495,woldsman,
1496,woman,
1497,womanbody,
1498,womandom,
1499,womanfolk,
1500,womanfully,
1501,womanhead,
1502,womanhearted,
1503,womanhood,
1504,womanhouse,
1505,womanish,
1506,womanishly,
1507,womanishness,
1508,womanism,
1509,womanist,
1510,womanity,
1511,womanization,
1512,womanize,
1513,womanizer,
1514,womankind,
1515,womanless,
1516,womanlike,
1517,womanliness,
1518,womanly,
1519,womanmuckle,
1520,womanness,
1521,womanpost,
1522,womanproof,
1523,womanship,
1524,womanways,
1525,womanwise,
1526,woodcraftsman,
1527,woodman,
1528,woodmancraft,
1529,woodmanship,
1530,woodsman,
1531,woolman,
1532,wordcraftsman,
1533,wordman,
1534,wordmanship,
1535,wordsman,
1536,wordsmanship,
1537,workingman,
1538,workingwoman,
1539,workman,
1540,workmanlike,
1541,workmanlikeness,
1542,workmanliness,
1543,workmanly,
1544,workmanship,
1545,workwoman,
1546,workwomanlike,
1547,workwomanly,
1548,wringman,
1549,yachtman,
1550,yachtmanship,
1551,yachtsman,
1552,yachtsmanlike,
1553,yachtsmanship,
1554,yachtswoman,
1555,yakman,
1556,yardman,
1557,yardsman,
1558,yawlsman,
1559,yeelaman,
1560,yeggman,
1561,yeoman,
1562,yeomaness,
1563,yeomanette,
1564,yeomanhood,
1565,yeomanlike,
1566,yeomanly,
1567,yeomanry,
1568,yeomanwise,
1569,yeowoman,
1570,Yorkshireman,
1571,she,
1572,her,
1573,him,
1574,hed,
1575,shell,
1576,shed,
1577,hell,
1578,he,
